file,label,predicted_label,distance,dominant_ratio,cumulative_energy_1,cumulative_energy_3,singular_spread,frobenius_error_1,frobenius_error_3,num_svals
unknown-1.wav,,perfect,0.8605553411321156,0.8723015189170837,0.8723015189170837,0.9083861708641052,0.001078620320186019,0.35734933614730835,0.30267778038978577,69
unknown-2.wav,,offcenter,1.2309615860769636,0.8632264137268066,0.8632264137268066,0.8983237743377686,0.0010454838629812002,0.3698292374610901,0.31886717677116394,69
